make a decision	decide
made a decision	decided
come to a conclusion	conclude
give consideration to	consider
conduct an investigation	investigate
perform an analysis	analyze
make an assumption	assume
provide assistance	assist
reach an agreement	agree
take action	act
have a discussion	discuss
make a recommendation	recommend
make an adjustment	adjust
give an explanation	explain
make a suggestion	suggest
have a need for	need
is in agreement	agrees
make reference to	refer to
show a preference for	prefer
give approval	approve
